date,tweet
2021-07-01 09:24:21+00:00,"Baby Doge, doo, doo, doo, doo, doo,
Baby Doge, doo, doo, doo, doo, doo,
Baby Doge, doo, doo, doo, doo, doo,
Baby Doge"
2021-07-01 08:42:11+00:00,Stop gendering memes ¡¦ I mean mimes
2021-06-30 20:11:10+00:00,"Rapidly Reusable Rockets, R R R ?????"
2021-06-28 20:25:03+00:00,Thanks for all the happy birthday wishes!
2021-06-25 22:51:28+00:00,"Starlink simultaneously active users just exceeded the strategically important threshold of 69,420 last night!"
2021-06-25 11:03:04+00:00,My Shiba Inu will be named Floki
2021-06-25 02:10:31+00:00,How many Bitcoin maxis does it take to screw in a lightbulb?
2021-06-24 01:10:10+00:00,Shout out to the awesome Tesla global team. Thanks for working so hard to make Tesla successful!
2021-06-21 18:59:34+00:00,"Looking at holding Tesla AI Day in about a month or so. Will go over progress with Tesla AI software &amp; hardware, both training &amp; inference. Purpose is recruiting."
2021-06-20 20:19:20+00:00,Happy Father¡¯s Day!
2021-06-16 22:37:20+00:00,Let¡¯s just skip original video games &amp; movies &amp; go straight to the sequel
2021-06-14 08:21:46+00:00,Could turn out to be one big Philip K Dick joke in the end
2021-06-14 08:13:50+00:00,"Pluto takes 248 years to orbit the sun, but Uranus only takes 84"
2021-06-06 20:45:13+00:00,Model S goes to Plaid speed this week
2021-06-05 21:18:43+00:00,"Don¡¯t kill what you hate,
Save what you love"
2021-06-05 18:55:49+00:00,"Goods &amp; services are the real economy, any form of money is simply the accounting thereof"
2021-06-05 08:39:49+00:00,???? ?&gt; ??
2021-06-04 03:25:26+00:00,"Canada
USA
Mexico"
2021-05-29 05:01:18+00:00,"Model S Plaid delivery pushed to June 10. Needs one more week of tweak.

This car feels like a spaceship. Words cannot describe the limbic resonance."
2021-05-24 19:42:36+00:00,Spoke with North American Bitcoin miners. They committed to publish current &amp; planned renewable usage &amp; to ask miners WW to do so. Potentially promising.
2021-05-22 09:22:41+00:00,Any sufficiently advanced magic is indistinguishable from technology
2021-05-20 07:54:54+00:00,"Tesla Model S Plaid delivery event
June 3 at our California factory

Fastest production car ever
0 to 60mph in under 2 secs"
2021-05-19 14:42:44+00:00,Tesla has ?? ??
2021-05-18 11:46:18+00:00,Giga Berlin suppliers please accelerate!
2021-05-13 22:45:16+00:00,Working with Doge devs to improve system transaction efficiency. Potentially promising.
2021-05-13 21:11:46+00:00,"To be clear, I strongly believe in crypto, but it can¡¯t drive a massive increase in fossil fuel use, especially coal"
2021-05-13 20:59:45+00:00,It is high time there was a carbon tax!
2021-05-11 08:13:35+00:00,Do you want Tesla to accept Doge?
2021-05-10 23:32:58+00:00,"Thanks again to @nbcsnl cast, writers &amp; crew! Honor &amp; pleasure to do the show with you."
2021-05-08 01:22:52+00:00,Cybertruck prototype in New York this weekend
2021-05-06 19:26:59+00:00,Make humanity a multiplanet species!
2021-05-06 19:26:09+00:00,Public support for life on Mars is critical to making it happen
2021-05-05 22:37:20+00:00,Starship landing nominal!
2021-05-02 03:13:36+00:00,I love Art Deco
2021-05-01 21:49:50+00:00,Throwing out some skit ideas for SNL. What should I do?
2021-05-01 21:36:22+00:00,"Woke James Bond
SNL May 8"
2021-04-29 22:45:59+00:00,"A major part of real-world AI has to be solved to make unsupervised, generalized full self-driving work, as the entire road system is designed for biological neural nets with optical imagers"
2021-04-28 06:20:47+00:00,"The Dogefather
SNL May 8"
2021-04-27 00:15:00+00:00,"Starship SN15 static fire completed, preparing for flight later this week"
2021-04-25 03:20:46+00:00,Let¡¯s find out just how live Saturday Night Live really is ??
2021-04-25 03:09:25+00:00,Am hosting SNL on May 8
2021-04-24 08:55:19+00:00,define ¡¦ beauty
2021-04-24 08:54:25+00:00,What does the future hodl?
2021-04-22 20:57:44+00:00,?????? Happy Earth Day ??????
2021-04-22 05:49:17+00:00,Tesla Solar + Powerwall battery enables consumers to be their own utility
2021-04-22 01:27:43+00:00,"Starting next week, Tesla Solar Panels &amp; Solar Roof will only be sold as an integrated product *with* Tesla Powerwall battery"
2021-04-17 04:46:34+00:00,"If we make life multiplanetary, there may come a day when some plants &amp; animals die out on Earth, but are still alive on Mars"
2021-04-17 01:37:48+00:00,Everything to the moon!
2021-04-16 02:13:57+00:00,???? Austin Rocks!! ?? ??
2021-04-16 00:50:37+00:00,Make life multiplanetary! #Mars
2021-04-15 03:42:35+00:00,"?

           ????¢½"
2021-04-14 21:57:08+00:00,Tesla AI/Autopilot engineering is awesome! Making excellent progress solving real-world AI.
2021-04-11 12:23:49+00:00,The art In Cyberpunk is incredible
2021-04-10 07:45:10+00:00,The Starship launch tower that catches the giant rocket booster is basically Mechazilla
2021-04-10 07:29:01+00:00,Kong vs Godzilla has record for most meth ever consumed in a writer¡¯s room
2021-04-10 07:15:47+00:00,¡¦ going to moon very soon
2021-04-09 04:11:42+00:00,Soon our monkey will be on twitch &amp; discord haha
2021-04-09 00:24:31+00:00,First @Neuralink product will enable someone with paralysis to use a smartphone with their mind faster than someone using thumbs
2021-04-08 09:41:16+00:00,Thanks Tesla suppliers for providing us with critical parts!
2021-04-07 20:02:22+00:00,"To be clear, I do support vaccines in general &amp; covid vaccines specifically. The science is unequivocal. 

In very rare cases, there is an allergic reaction, but this is easily addressed with an EpiPen."
2021-04-06 19:28:24+00:00,¡°Tanks for the memery!¡± ? Panzer of the Lake
2021-04-05 11:01:29+00:00,"The Earth is not flat, it¡¯s a hollow globe &amp; Donkey King lives there!"
2021-04-05 10:28:42+00:00,"Godzilla vs Kong is so amaze much wow!
Most insane movie I¡¯ve ever seen!
Love letter to conspiracy theorists!
And yet heartwarming in the end."
2021-04-04 06:25:28+00:00,Austin++
2021-04-01 10:25:23+00:00,SpaceX is going to put a literal Dogecoin on the literal moon
2021-04-01 10:23:49+00:00,Nicheman ? his superpower is appealing to small audiences
2021-03-30 14:27:29+00:00,Am donating $20M to Cameron County schools &amp; $10M to City of Brownsville for downtown revitalization. Details to follow next week.
2021-03-30 14:17:29+00:00,"Please consider moving to Starbase or greater Brownsville/South Padre area in Texas &amp; encourage friends to do so! 

SpaceX¡¯s hiring needs for engineers, technicians, builders &amp; essential support personnel of all kinds are growing rapidly."
2021-03-28 18:12:55+00:00,Possible Starship flight tomorrow afternoon
2021-03-25 10:35:03+00:00,"If there¡¯s ever a scandal about me, *please* call it Elongate"
2021-03-25 10:25:26+00:00,Don¡¯t defy DeFi
2021-03-24 07:02:40+00:00,You can now buy a Tesla with Bitcoin
2021-03-18 06:38:56+00:00,"Aspirationally acerbic alliteration 
-&gt; Bullshit baffles brains"
2021-03-14 14:17:57+00:00,I love music. It makes my heart sing.
2021-03-14 14:00:29+00:00,"Play your favorite song in a Tesla &amp; turn the volume to 11

You will see. You will feel."
2021-03-14 04:10:36+00:00,Falcon flies for the 9th time tonight
2021-03-14 03:54:54+00:00,I¡¯m getting a Shiba Inu #resistanceisfutile
2021-03-14 01:59:13+00:00,"Homo sapiens techno: 
Loves raves &amp; technology"
2021-03-13 23:51:05+00:00,"Why are you so dogematic, they ask"
2021-03-13 23:40:41+00:00,Doge day afternoon
2021-03-13 23:32:59+00:00,Woketopia. Battle for the Moral High Ground in this new game!
2021-03-13 07:20:23+00:00,?? This Magic Moment ??
2021-03-12 18:58:22+00:00,"BTC (Bitcoin) is an anagram of
TBC(The Boring Company)
What a coincidence!"
2021-03-08 10:14:43+00:00,Carnot efficiency of the Universe?
2021-03-06 04:40:30+00:00,Doge spelled backwards is Egod
2021-03-06 01:57:02+00:00,"If you want the Tesla Full Self-Driving Beta downloaded to your car, let us know. Doubling beta program size now with 8.2 &amp; probably 10X size with 8.3. Still be careful, but it¡¯s getting mature."
2021-03-05 22:37:43+00:00,??
2021-03-05 10:32:09+00:00,Cybervikings of Mars
2021-03-03 20:10:07+00:00,5 mins to Starship test flight attempt
2021-03-03 11:30:39+00:00,Starship launch tomorrow. Window opens at 9am.
2021-03-02 20:31:38+00:00,"Creating the city of Starbase, Texas"
2021-03-02 17:50:44+00:00,Scammers &amp; crypto should get a room
2021-03-01 22:23:50+00:00,Green eggs &amp; SPAC
2021-03-01 19:01:34+00:00,New drug coming out called Regretamine. Pop one &amp; all regrets are gone.
2021-02-26 09:50:44+00:00,Do androids dream of electric cars?
2021-02-25 11:10:19+00:00,I admit to judging books by their cover
2021-02-25 01:25:56+00:00,You might see much higher download speeds on Starlink at times. Testing system upgrades.
2021-02-23 11:50:35+00:00,Excession
2021-02-21 21:59:56+00:00,Hypernominalization
2021-02-21 21:27:06+00:00,Dojo 4 Doge
2021-02-20 20:52:56+00:00,Heard a rumor some crypto coin was pegging the dollar ????
2021-02-19 21:06:55+00:00,I just want to start a flame in your heart
2021-02-19 20:34:57+00:00,Just for a day
2021-02-17 08:55:40+00:00,.@ERCOT_ISO is not earning that R
2021-02-14 23:25:16+00:00,"If major Dogecoin holders sell most of their coins, it will get my full support. Too much concentration is the only real issue imo."
2021-02-13 21:07:38+00:00,.@KremlinRussia_E would you like join me for a conversation on Clubhouse?
2021-02-10 19:47:18+00:00,Just agree to do Clubhouse with @kanyewest
2021-02-10 15:08:11+00:00,"Bought some Dogecoin for lil X, so he can be a toddler hodler"
2021-02-08 06:07:04+00:00,Back to work I go ¡¦
2021-02-07 22:25:14+00:00,?? Who let the Doge out ??
2021-02-07 22:12:09+00:00,Hodl the rainforests!!
2021-02-06 22:12:57+00:00,Time to tell the story of Tesla &amp; SpaceX
2021-02-06 06:46:24+00:00,The great thing about restaurants is that you get to hang out with strangers! - SJM
2021-02-06 04:51:07+00:00,The future currency of Earth
2021-02-06 04:02:23+00:00,Much wow!
2021-02-04 10:08:21+00:00,"I am become meme,
Destroyer of shorts"
2021-02-04 09:34:47+00:00,Sandstorm is a masterpiece
2021-02-04 08:43:13+00:00,Low-key Loki
2021-02-04 08:27:10+00:00,"No highs, no lows, only Doge"
2021-02-04 08:15:26+00:00,Dogecoin is the people¡¯s crypto
2021-02-02 08:45:48+00:00,Off Twitter for a while
2021-01-31 20:56:10+00:00,On Clubhouse tonight at 10pm LA time
2021-01-29 08:22:15+00:00,"In retrospect, it was inevitable"
2021-01-28 23:29:19+00:00,"With Cyberpunk, even the hotfixes literally have hotfixes, but ¡¦ great game"
2021-01-28 20:39:53+00:00,"Here come the shorty apologists
Give them no respect
Get Shorty"
2021-01-28 20:34:26+00:00,"u can¡¯t sell houses u don¡¯t own
u can¡¯t sell cars u don¡¯t own
but 
u *can* sell stock u don¡¯t own!?
this is bs ? shorting is a scam
legal only for vestigial reasons"
2021-01-28 01:57:30+00:00,Even Discord has gone corpo ¡¦
2021-01-26 11:25:23+00:00,I kinda love Etsy
2021-01-21 23:08:35+00:00,Am donating $100M towards a prize for best carbon capture technology
2021-01-13 19:06:00+00:00,"Today at SpaceX is about practicing Starship engine starts. Ship is held down by massive pins while engines are fired. Two starts completed, about to try a third."
2021-01-13 09:25:42+00:00,Legalize comedy
2021-01-09 18:47:06+00:00,"My 14-year-old son, Saxon, said he feels like 2021 will be a good year. I agree. Let us all make it so."
2021-01-08 01:35:53+00:00,"Btw, critical feedback is always super appreciated, as well as ways to donate money that really make a difference (way harder than it seems)"
2021-01-07 12:56:10+00:00,Use Signal
2021-01-07 10:23:50+00:00,The most entertaining outcome is the most likely
2020-12-30 05:33:19+00:00,"Destiny, destiny
No escaping 
that for me"
2020-12-29 22:16:14+00:00,All Tesla cars delivered in the final three days of the year will get three months of the Full Self-Driving option for free. Delivery &amp; docs must be fully complete by midnight Dec 31st.
2020-12-29 21:32:09+00:00,The Last Kingdom show is great
2020-12-27 22:18:58+00:00,Try playing Polytopia in your Tesla! Great game. Multiplayer online version coming soon.
2020-12-25 20:54:29+00:00,"Change your horn sound to ??, ????, ?? or holiday jingles with latest Tesla software update!"
2020-12-24 00:00:41+00:00,"To Tesla owners taking delivery in the final days of year, your support is super appreciated!!"
2020-12-21 13:04:16+00:00,Thanks to everyone who worked so hard to make Tesla successful. My heart goes out to you.
2020-12-20 10:16:43+00:00,¢¾? i love all u crazy ppl out there ¢¾?
2020-12-20 09:44:03+00:00,"Come for the comments, 
stay for the memes??"
2020-12-20 09:30:04+00:00,One word: Doge
2020-12-20 09:24:37+00:00,Bitcoin is almost as bs as fiat money
2020-12-20 08:43:06+00:00,¡°Lord¡± Edge
2020-12-20 08:21:25+00:00,Bitcoin is my safe word
2020-12-09 23:08:53+00:00,"Mars, here we come!!"
2020-12-08 16:44:50+00:00,"¡°So long, and thanks for the orifice!¡±
- Alien message decrypted"
2020-12-07 04:37:42+00:00,100
2020-12-03 23:30:34+00:00,Watch Demolition Man
2020-12-03 23:19:57+00:00,Prometheus Unbound
2020-11-26 15:12:00+00:00,Happy Thanksgiving!
2020-11-25 20:38:25+00:00,.@TheBabylonBee is savage ????
2020-11-24 23:59:27+00:00,"Good Starship SN8 static fire! Aiming for first 15km / ~50k ft altitude flight next week. Goals are to test 3 engine ascent, body flaps, transition from main to header tanks &amp; landing flip."
2020-11-22 03:42:11+00:00,"Tomorrow will be the 7th flight of this rocket, landing on droneship Of Course I Still Love You"
2020-11-18 07:41:37+00:00,Tesla holiday software release is ????
2020-11-18 07:09:54+00:00,Cobra Kai is a deep cut
2020-11-17 19:20:28+00:00,Nullius in Verba @royalsociety
2020-11-16 01:09:01+00:00,¢¾?
2020-11-16 00:23:02+00:00,Launch in 5 minutes
2020-11-14 20:11:13+00:00,"Laws of thermodynamics:
1. You can¡¯t win
2. You can¡¯t break even
3. You can¡¯t stop playing"
2020-11-14 19:51:56+00:00,Shakes fist at entropy
2020-11-13 16:28:32+00:00,What is the general population (no knowledge of symptoms) accuracy of a sars-cov2 PCR test &amp; is it possible to generate a false positive if you simply run enough cycles?
2020-11-13 06:11:57+00:00,The carousel turns ever faster
2020-11-13 05:47:11+00:00,"Something extremely bogus is going on. Was tested for covid four times today. Two tests came back negative, two came back positive. Same machine, same test, same nurse. Rapid antigen test from BD."
2020-11-10 21:24:38+00:00,Such a privilege to work with people I like &amp; respect so much. I feel blessed.
2020-11-09 16:57:33+00:00,"Yes, you can have my damn cookie! should be a browser setting"
2020-11-07 18:26:27+00:00,"The Phantom of the Opera 
Is here ¡¦ inside your mind"
2020-11-06 10:36:02+00:00,"A New Banner is needed
Neither hard left nor right"
2020-11-06 06:10:41+00:00,420 is ten times better than 42
2020-11-05 09:31:58+00:00,Recruiting ace engineers for Giga Berlin! Will interview in person tomorrow on site. Send resume to 25Guns@Tesla.com.
2020-11-02 19:36:28+00:00,Several thousand more Starlink beta participation invitations going out this week
2020-11-01 21:05:06+00:00,Penguin Random House ?? should change the name to Random Penguin??
2020-10-29 04:40:07+00:00,Might buy a Jack in the Box footstool
2020-10-29 00:11:03+00:00,Tesla should make ?? catgirl robots?
2020-10-28 02:18:17+00:00,Jack in the Box should do double duty as a sperm donor clinic ? name is ??
2020-10-22 06:30:28+00:00,"Now that Tesla FSD beta is out in limited release, FSD price (new or upgrade) will go up by ~$2k on Monday"
2020-10-20 22:19:31+00:00,"FSD beta rollout happening tonight. Will be extremely slow &amp; cautious, as it should."
2020-10-20 22:17:05+00:00,Data from 3 engine Starship static fire this morning looks good. Proceeding with nosecone mate.
2020-10-14 19:01:19+00:00,"The gauntlet has been thrown down! 

The prophecy will be fulfilled. 

Model S price changes to $69,420 tonight!"
2020-10-14 04:27:00+00:00,¡°What is love? Baby don¡¯t hurt me.¡±? Winston Churchill
2020-10-13 05:36:46+00:00,?? The Illuminaughty ??
2020-10-05 22:21:07+00:00,"Hollywood should just start with the sequel &amp; skip the original, because financials"
2020-10-04 14:23:38+00:00,New SpaceX droneship will be called ¡°A Shortfall of Gravitas¡±
2020-10-04 14:05:42+00:00,"Nothing can escape gravity, not even black holes (and they really tried!)"
2020-10-04 00:12:06+00:00,"Call of Booty, great game"
2020-09-26 19:44:56+00:00,"Thanks Tesla Team for great work on deliveries! For new owners, we super appreciate accommodating us on delivery timing! Definitely one of our toughest quarters in global logistics."
2020-09-25 07:12:20+00:00,What can¡¯t we predict?
2020-09-21 20:56:52+00:00,"Important note about Tesla Battery Day unveil tomorrow. This affects long-term production, especially Semi, Cybertruck &amp; Roadster, but what we announce will not reach serious high-volume production until 2022."
2020-09-18 16:22:25+00:00,of course I still love you
2020-09-17 07:15:03+00:00,Speedrunning Factorio in real life ¡¦
2020-09-16 20:18:25+00:00,Fallout Shelter is on your Tesla. Tap the Entertainment button.
2020-09-15 20:29:38+00:00,"Tunnels under cities with self-driving electric cars will feel like warp drive

First operational tunnel under Vegas almost done

The @BoringCompany"
2020-09-15 20:14:00+00:00,Have you hugged a tunnel today?
2020-09-15 16:09:45+00:00,Embrace tunnels!
2020-09-12 17:37:36+00:00,"SN8 Starship with flaps &amp; nosecone should be done in about a week. Then static fire, checkouts, static fire, fly to 60,000 ft &amp; back."
2020-09-11 15:45:06+00:00,Many exciting things will be unveiled on Battery Day 9/22 ??
2020-09-08 16:53:54+00:00,A la guerre comme a la guerre
2020-09-07 22:46:50+00:00,"If you bombard Earth with enough photons, eventually it emits a Tesla (AK)"
2020-09-03 22:04:40+00:00,Great trip to Germany. Support from government &amp; people is super appreciated!
2020-08-30 16:00:31+00:00,Just learned that my physics prof from Penn is head of Fermilab &amp; still has some of my old homework ??
2020-08-29 01:02:05+00:00,Conceptual telepathy
2020-08-28 19:37:40+00:00,"¡°All of physics is either impossible or trivial. It is impossible until you understand it, and then it becomes trivial.¡± E Rutherford"
2020-08-27 04:37:06+00:00,Should we believe things proportionate to the evidence that they are true? (yes)
2020-08-20 08:17:54+00:00,New Tesla feature coming that enables your car to play snake jazz or Polynesian elevator music through its outside speakers wherever you go
2020-08-20 05:52:37+00:00,????
2020-08-20 05:11:06+00:00,GPT-3 sounds like Simon &amp; Garfunkel lyrics
2020-08-20 02:38:56+00:00,Bureaucracy is inherently kafkaesque
2020-08-17 02:01:58+00:00,¡°Tanks 4 the memery¡± - panzer of the lake
2020-08-16 09:01:17+00:00,"Please trash me on Wikipedia, I¡¯m begging you"
2020-08-16 08:57:26+00:00,History is written by the victors ¡¦ except on Wikipedia haha
2020-08-16 08:42:01+00:00,We must pass The Great Filter
2020-08-14 20:33:15+00:00,Tesla is developing a NN training computer called Dojo to process truly vast amounts of video data. It¡¯s a beast! Please consider joining our AI or computer/chip teams if this sounds interesting.
2020-08-02 22:45:07+00:00,"When space travel becomes as common as air travel, the future of civilization will be assured"
2020-08-02 20:27:25+00:00,Congratulations @SpaceX &amp; @NASA on completing first crewed Dragon flight!! ???? returned.
2020-08-02 18:51:04+00:00,Dragon is stable in the water
2020-08-02 18:31:53+00:00,4 mins to Dragon loss of signal due to atmospheric entry plasma
2020-08-02 18:11:01+00:00,Dragon will travel from south of New Zealand to Florida in ~37 minutes
2020-08-02 16:55:30+00:00,Astronauts land in 2 hours @NASA @SpaceX
2020-07-31 04:14:32+00:00,Aliens built the pyramids obv
2020-07-30 20:05:05+00:00,Starship SN5 just completed full duration static fire. 150m hop soon.
2020-07-30 07:53:58+00:00,"Sure could use a good rave
What¡¯s your favorite techno"
2020-07-30 07:12:22+00:00,I ¡¦ I just died in your arms tonight
2020-07-30 06:55:03+00:00,The rumor that Bill Gates &amp; I are lovers is completely untrue
2020-07-27 18:32:18+00:00,The left is losing the middle
2020-07-25 03:42:29+00:00,Pronouns suck
2020-07-24 16:21:01+00:00,?? Twitter sucks
2020-07-24 14:44:46+00:00,Another government stimulus package is not in the best interests of the people imo
2020-07-22 06:53:20+00:00,"You don¡¯t have a soul, you are a soul"
2020-07-22 05:45:35+00:00,Where are the memes? Send in ¡¦ the memes ¡¦
2020-07-22 05:40:32+00:00,Nothing has gaslit more people than the movie Gaslight
2020-07-20 22:19:33+00:00,Both fairing halves caught from space by @SpaceX ships!
2020-07-18 01:59:21+00:00,"If you¡¯ve solved hard problems with phones / wearables (sealing, signal processing, inductive charging, power mgmt, etc), please consider working at engineering@neuralink.com"
2020-07-18 00:52:19+00:00,Will those who write the algorithms ever realize their negativity bias?
2020-07-10 22:58:14+00:00,"I spoke with Korolev¡¯s family today.
He was one of the very best.
¬¬¬à¬â¬à¬Ý¬î¬à¬Ó / ¬¬¬à¬â¬à¬Ý¬×¬Ó."
2020-07-10 09:26:26+00:00,Best use of the term ¡°Full Stack¡±?
2020-07-09 07:01:44+00:00,"If you can¡¯t beat em, join em
Neuralink mission statement"
2020-07-05 20:33:10+00:00,Read The Story of Civilization by Will &amp; Ariel Durant
2020-07-05 06:16:45+00:00,Beautiful fireworks in LA tonight
2020-07-04 17:47:29+00:00,Please take a moment to report accounts clearly engaged in harassment. It is the only way to maintain public discourse.
2020-07-04 17:44:43+00:00,???????? Happy 4th of July!! ????????
2020-07-02 18:57:26+00:00,"SEC, three letter acronym, middle word is Elon¡¯s"
2020-07-02 18:40:47+00:00,Tesla will make fabulous short shorts in radiant red satin with gold trim
2020-07-02 18:24:57+00:00,Who wears short shorts? ????
2020-06-28 21:54:51+00:00,69 days after 4/20 again haha
2020-06-26 07:35:57+00:00,"Who controls the memes,
controls the Universe"
2020-06-26 05:57:58+00:00,Only a matter of time before someone steals a Tesla while playing GTA on a Tesla
2020-06-25 02:56:12+00:00,Apologies to Tesla customers for shifting delivery dates. It¡¯s a crazy world out there!
2020-06-22 03:11:02+00:00,Tentative date for Tesla Shareholder Meeting &amp; Battery Day is Sept 15. Will include tour of cell production system.
2020-06-22 03:05:26+00:00,Reminder that Tesla Full Self-Driving (FSD) price goes up by $1k on July 1st
2020-06-22 03:04:26+00:00,Enabling basic Tesla Autopilot via Tesla in-app purchase is reduced to $2k until July 1
2020-06-21 08:07:42+00:00,We must pass The Great Filter
2020-06-21 07:03:08+00:00,Mars is my souldog
2020-06-21 06:19:41+00:00,"If heat death is the end of the universe, it really is all about the journey"
2020-06-19 17:06:03+00:00,Juneteenth is henceforth considered a US holiday at Tesla &amp; SpaceX
2020-06-11 09:49:26+00:00,lol
2020-06-06 07:48:25+00:00,The gerontocracy is out of touch with the people
2020-06-06 06:54:21+00:00,"This will probably get me into trouble, but I feel I have to say it"
2020-06-02 02:54:03+00:00,Off Twitter for a while
2020-05-30 19:17:55+00:00,5 mins to T-0
2020-05-22 23:24:21+00:00,"Open your eyes, look up to the skies"
2020-05-19 16:35:23+00:00,Cancel Cancel Culture!
2020-05-17 17:44:14+00:00,Take the red pill ??
2020-05-15 17:13:14+00:00,The Age of Napoleon by Will &amp; Ariel Durant is an amazing book
2020-05-11 20:36:52+00:00,"Tesla is restarting production today against Alameda County rules. I will be on the line with everyone else. If anyone is arrested, I ask that it only be me."
2020-05-06 08:04:27+00:00,Wishing good vibes for all in 2nd half 2020
2020-05-03 07:56:49+00:00,Minecraft has amazing legs
2020-05-01 16:08:57+00:00,"Rage, rage against the dying of the light of consciousness"
2020-05-01 15:26:46+00:00,"And the rocket's red glare, 
the bombs bursting in air"
2020-05-01 15:15:13+00:00,Now give people back their FREEDOM
2020-05-01 15:11:26+00:00,Tesla stock price is too high imo
2020-05-01 15:10:24+00:00,I am selling almost all physical possessions. Will own no house.
2020-04-29 06:14:53+00:00,FREE AMERICA NOW
2020-04-27 23:54:13+00:00,Silicon Valley has become Sanctimonious Valley
2020-04-24 23:55:15+00:00,Mythic Quest is ???? MTTD
2020-04-24 00:30:31+00:00,Welcome @hiromichimizuno to the Tesla board! Honored to have you.
2020-04-22 22:15:10+00:00,There are now 420 operational Starlink satellites ?? ??
2020-04-14 23:56:31+00:00,"Giga Berlin will have world¡¯s most advanced paint shop, with more layers of stunning colors that subtly change with curvature"
2020-04-12 22:47:18+00:00,"Happy Easter!
Follow the ??"
2020-04-08 20:56:19+00:00,Great differences in technology exist in the world about which even hardcore technologists are unaware
2020-04-06 02:58:56+00:00,Music is a limbic resonator
2020-04-04 11:28:36+00:00,u r o k
2020-03-31 15:27:02+00:00,"We have extra FDA-approved ventilators. Will ship to hospitals worldwide within Tesla delivery regions. Device &amp; shipping cost are free. Only requirement is that the vents are needed immediately for patients, not stored in a warehouse. Please me or @Tesla know."
2020-03-24 18:33:41+00:00,.@Apple pls fix awetoekreqt
2020-03-21 18:22:39+00:00,Just had a long engineering discussion with Medtronic about state-of-the-art ventilators. Very impressive team!
2020-03-18 04:52:13+00:00,Abysmal autocorrect might be the #1 reason people don¡¯t fear AI
2020-03-18 04:27:44+00:00,Fear the memesphere
2020-03-15 03:33:30+00:00,Fear is the mind-killer
2020-03-11 18:41:24+00:00,We should be excited about the future &amp; striving to go beyond the horizon!
2020-03-11 18:31:05+00:00,"Moral condemnation used not for morality, but as a weapon for manipulation is messed up"
2020-03-11 04:26:02+00:00,"To those who quietly help advance the causes we mutually believe in, knowing advancing the cause is the only reward: thank you"
2020-03-11 00:12:04+00:00,Scouting locations for Cybertruck Gigafactory. Will be central USA.
2020-03-10 04:49:56+00:00,Tesla should have a mega rave cave under the Berlin Gigafatory
2020-03-10 04:14:13+00:00,Coachella should postpone itself until it stops sucking
2020-03-07 02:28:58+00:00,Rocket will land in highest winds ever at Cape Canaveral tonight. This is intentional envelope expansion.
2020-03-06 20:42:39+00:00,The coronavirus panic is dumb
2020-03-03 11:24:32+00:00,Mad respect for the makers of things
2020-03-03 01:21:14+00:00,Just want say that I support @Jack as Twitter CEO. He has a good ??.
2020-02-25 09:24:08+00:00,Rococo is alive &amp; living in our hearts
2020-02-15 04:35:09+00:00,Run a physics sim long enough &amp; you¡¯ll get intelligence
2020-02-14 17:56:07+00:00,Only the heart senses beauty
2020-02-10 17:49:05+00:00,"Tesla April company talk will be from our Giga New York factory, where we make SolarGlass &amp; several other products. Will also offer customer &amp; media tours."
2020-02-10 02:12:52+00:00,"Mars is to Earth, as Terminus was to Trantor"
2020-02-06 19:03:25+00:00,Late night tweets ¡¦ sigh
2020-02-06 10:56:39+00:00,"What if there was an AI programmed to want to pick as many strawberries as possible, and so it cultivated nothing but strawberries on all of Earth¡¯s land? Then it would be Strawberry Fields Forever!"
2020-02-06 09:15:22+00:00,"All things in moderation, especially etymology"
2020-02-06 09:09:06+00:00,Essentially all quotes can be ascribed to Churchill
2020-02-06 09:05:26+00:00,"No matter how many times u get hangry, you always think ur anger is real ? Plato"
2020-02-05 17:31:22+00:00,Please send your resume to BuildStarship@spacex.com if you¡¯re coming to the Starship career day in Boca Chica tomorrow
2020-02-05 05:23:16+00:00,Giga Texas?
2020-02-04 09:19:05+00:00,"Starship career day at the Stargate building (Boca Chica Blvd, TX) this Thursday from 3pm to 9pm!"
2020-02-04 00:13:15+00:00,Going max hardcore on design/production Starship here in Boca. It¡¯s awesome! Feels a bit like a Mars simulator.
2020-02-03 21:50:28+00:00,??????
2020-02-02 21:48:53+00:00,Tesla will hold a super fun AI party/hackathon at my house with the Tesla AI/autopilot team in about four weeks. Invitations going out soon.
2020-01-30 20:41:37+00:00,Just wrote a song called ¡°Don¡¯t doubt yer vibe¡±
2020-01-30 03:13:12+00:00,??
2020-01-28 19:34:43+00:00,Chairs are underappreciated
2020-01-28 05:30:00+00:00,The stars in Starship¡¯s mirrored hull reflected
2020-01-22 07:15:20+00:00,Want to play The Witcher game on your Tesla? (you can already watch the show on Tesla Netflix theater)
2020-01-19 15:27:06+00:00,"Dragon high altitude, supersonic abort test is a risky mission, as it¡¯s pushing the envelope in so many ways"
2020-01-17 22:09:37+00:00,"Dragon Spacecraft supersonic abort test coming up either tomorrow or Sunday, depending on weather @NASA @SpaceX"
2020-01-17 01:46:26+00:00,Megatons per year to orbit are needed for life to become multiplanetary
2020-01-11 15:30:02+00:00,We are trapped in a prison of fonts
2020-01-10 09:57:08+00:00,?? Toss a coin to ur Witcher ??
2020-01-10 06:53:10+00:00,Bitcoin is *not* my safe word
2020-01-09 10:04:44+00:00,I put the art in fart
2020-01-08 17:05:30+00:00,"¢¾?¢¾? Tesla China Team ¢¾?¢¾?
     Such amazing progress!!"
2020-01-01 06:50:06+00:00,Congratulations Tesla &amp; SpaceX on great 2019! You rock!! Looking forward to epic 2020 ¢¾?????????
2020-01-01 05:32:58+00:00,Carlos Gone
2019-12-30 23:27:10+00:00,Rest in peace Syd Mead. Your art will endure.
2019-12-28 04:06:37+00:00,"Build super safe, Earthquake-proof tunnels under cities to solve traffic"
2019-12-26 19:08:37+00:00,"Turn on auto navigate feature &amp; car will activate traffic-based navigation to work, home or calendar, depending on context, as soon as you sit down. No input required at all."
2019-12-26 18:45:59+00:00,"Just swipe down on Tesla nav button for car to automatically navigate to home, work or destination in calendar"
2019-12-23 16:02:59+00:00,Whoa ¡¦ the stock is so high lol
2019-12-22 19:24:26+00:00,"Just looked at my wiki for 1st time in years. It¡¯s insane! Btw, can someone please delete ¡°investor¡±. I do basically zero investing."
2019-12-22 00:48:07+00:00,The real reason for Looper was to travel back in time &amp; stop a terrible calamity ? the premiere of Cats!
2019-12-20 03:28:05+00:00,"Tesla holiday software update has FSD sneak preview, Stardew Valley, Lost Backgammon &amp; a few other things"
2019-12-19 08:44:18+00:00,You don¡¯t hear much about element 43
2019-12-18 21:41:16+00:00,"Never trust cynics, as they excuse their own bad deeds by telling themselves everyone does it"
2019-12-12 07:45:41+00:00,"If life is a video game, the graphics are great, but the plot is confusing &amp; the tutorial is way too long"
2019-12-12 07:32:58+00:00,Root of energy to mass ratio is max render speed of the simulation
2019-12-07 23:56:40+00:00,Huge thanks to everyone who contributed ideas to Cybertruck. It¡¯s better because of you! ¢¾?¢¾?¢¾?
2019-12-02 23:18:08+00:00,"People often think they¡¯re breathing oxygen, but are actually breathing nitrogen (78%) with a side serving of oxygen (21%) in argon sauce (1%), spiced up with CO2, H2O &amp; a dash of neon &amp; krypton (etc.)"
2019-12-02 20:45:14+00:00,"Hydrogen is a light, odorless gas, which, given enough time, turns into people who will make this statement"
2019-11-25 02:18:54+00:00,200k
2019-11-24 22:02:01+00:00,"Cybertruck is our last product unveil for a while, but there will be some (mostly) unexpected technology announcements next year"
2019-11-24 20:31:06+00:00,"Reason Cybertruck is so planar is that you can¡¯t stamp ultra-hard 30X steel, because it breaks the stamping press"
2019-11-23 20:54:54+00:00,"146k Cybertruck orders so far, with 42% choosing dual, 41% tri &amp; 17% single motor"
2019-11-21 21:26:45+00:00,Tesla Cybertruck (pressurized edition) will be official truck of Mars
2019-11-19 17:37:52+00:00,"National Science Foundation, u should add a W to ur name. Would get way more clicks. Ur welcome."
2019-11-19 17:09:44+00:00,78% of people want to gentrify Mordor
2019-11-14 03:31:14+00:00,Gentrify Mordor?
2019-11-12 21:22:12+00:00,??¢¾??? GIGA BERLIN ??¢¾???
2019-11-06 16:15:32+00:00,Cybertruck unveil on Nov 21 in LA near SpaceX rocket factory
2019-10-30 00:46:57+00:00,For Treebeard
2019-10-28 18:09:19+00:00,"If you¡¯re directly affected by wildfire power outages, Tesla is reducing Solar+Powerwall prices by $1000 as of today"
2019-10-28 18:04:13+00:00,"Apologies to those waiting for Solar/Powerwall outside California, as we are prioritizing those affected by wildfires"
2019-10-27 22:24:16+00:00,Took my son to play piano for the seniors home in Pasadena. It was lovely to see them smile ¢¾?
2019-10-25 19:34:11+00:00,"Maybe call Tesla solar roof tiles product Solarglass? Like Dragonglass, but solar!"
2019-10-25 16:07:30+00:00,??
2019-10-24 21:57:20+00:00,Tesla Solar Tile Roof V3 launch tomorrow at 2pm
2019-10-23 21:09:18+00:00,"Tesla Q3 results:

- Shanghai Giga ahead of schedule
- Model Y ahead of schedule
- Solar installs +48% from Q2
- GAAP profitable
- Positive free cash flow"
2019-10-22 06:03:33+00:00,Sending this tweet through space via Starlink satellite ??
2019-10-22 04:24:14+00:00,"More carrot, less stick"
2019-10-17 22:51:48+00:00,Going offline for a few days
2019-10-15 22:06:04+00:00,"So much respect for those doing high volume manufacturing. It¡¯s insanely hard, but you make a real thing that people value. My hat is off to you ¡¦"
2019-10-13 03:20:15+00:00,Is Space Jam good?
2019-10-12 01:01:26+00:00,"Now that Tesla V10.0 with Smart Summon is out, Full Self-Driving price will increase by $1000 on Nov 1"
2019-10-10 00:23:28+00:00,All Tesla Supercharger stations in regions affected by California power outages will have Tesla Powerpacks within next few weeks. Just waiting on permits.
2019-10-09 17:41:57+00:00,Tesla software V10.0 comes with karaoke ??
2019-10-09 17:39:41+00:00,A Shortfall of Gravitas
2019-10-09 17:07:50+00:00,??
2019-10-09 17:06:16+00:00,Why is there no emoji for dignity!!
2019-10-09 07:41:36+00:00,the color orange is named after the fruit
2019-10-06 16:06:58+00:00,"Customized horn &amp; movement sounds (coconuts being one, of course) coming to Teslas soon"
2019-10-02 22:16:45+00:00,"Over 550,000 Tesla Smart Summon uses in first few days!"
2019-09-27 19:25:10+00:00,Starship will allow us to inhabit other worlds
2019-09-26 14:57:34+00:00,Tesla V10.0 just started rolling out to all US Tesla owners with FSD option &amp; ¡°advanced download¡± selected in vehicle software settings
2019-09-26 05:55:35+00:00,"If advanced AI (beyond basic bots) hasn¡¯t been applied to manipulate social media, it won¡¯t be long before it is"
2019-09-12 06:12:46+00:00,Model S at Nurburgring has 7 seats
2019-09-12 01:42:01+00:00,The only thing beyond Ludicrous is Plaid
2019-09-11 05:29:47+00:00,"Model S just set record for fastest 4 door ever at Laguna Seca, video tmrw"
2019-09-09 07:01:49+00:00,Probability that we¡¯re in base Polytopia is highly unlikely - KWM
2019-09-05 23:19:06+00:00,Model S on Nurburgring next week
2019-09-05 19:35:12+00:00,"Um @Porsche, this word Turbo does not mean what you think it does"
2019-08-26 20:14:26+00:00,Starhopper flight currently tracking to 5pm Texas time for 150m / ~500ft hover test
2019-08-24 21:38:10+00:00,Looks like @SpaceX Starhopper flight may be as soon as Monday. FAA support is much appreciated!
2019-08-20 19:59:58+00:00,"Price increase for Tesla FSD postponed until version 10 with smart summon is in wide release, which is about 4 to 8 weeks away, depending on how early access goes"
2019-08-20 18:05:49+00:00,Might make sense to have thousands of solar reflector satellites ?? to warm Mars vs artificial suns (tbd)
2019-08-18 08:04:13+00:00,The sun is an immense thermonuclear explosion fyi
2019-08-17 07:45:49+00:00,Hashtags are an abomination
2019-08-16 04:23:22+00:00,Nuke Mars!
2019-08-15 03:43:09+00:00,Corporate Surrealism¢â?
2019-08-09 07:26:50+00:00,Tesla software V10 is lookin real good! Releasing to early access list soon ¡¦
2019-08-04 10:30:28+00:00,¡°am ¡¦ ?? guity¡± ??
2019-08-04 06:18:07+00:00,?? all u can ??
2019-07-28 09:50:00+00:00,"Now that Hopper has flown, Starship update probably in two weeks or so."
2019-07-28 01:44:20+00:00,Tesla owners can schedule service appointments in under a minute just using their Tesla phone app!
2019-07-27 18:15:32+00:00,"Ability to stream YouTube &amp; Netflix when car is stopped coming to your Tesla soon! Has an amazingly immersive, cinematic feel due to the comfy seats &amp; surround sound audio."
2019-07-26 03:49:11+00:00,Starhopper flight successful. Water towers *can* fly haha!!
2019-07-22 04:10:58+00:00,I am become meme
2019-07-22 03:26:46+00:00,Next year¡¯s @Hyperloop competition will be in a 10km vacuum tunnel with a curve
2019-07-21 23:05:20+00:00,"Technically, alcohol is a solution"
2019-07-21 08:11:36+00:00,Starship Super Heavy with 35 Raptors
2019-07-16 19:32:27+00:00,"¡°If you dislike change, you're going to dislike irrelevance even more.¡± ? Gen Shinseki"
2019-07-16 16:51:36+00:00,Cost of Tesla full self-driving option increasing by ~$1000 on August 16
2019-07-12 05:19:28+00:00,Raptor engine mounted on Starhopper. Aiming for hover test Tues.
2019-06-28 08:12:49+00:00,Thanks for the happy birthday wishes! ¢¾?¢¾?
2019-06-28 01:37:24+00:00,Typing Merlin literally just autocorrected me to merkin ????
2019-06-25 08:21:34+00:00,Ms. Tree caught the Falcon fairing!!
2019-06-23 20:20:47+00:00,Accelerating Starship development to build the Martian Technocracy
2019-06-19 18:17:05+00:00,"Starting next month, Tesla will charge $1000 for color black (same price as silver)"
2019-06-12 17:21:59+00:00,?? is relativistic side effect of ??
2019-05-31 21:51:07+00:00,New Tesla Summon will ?? ur ??
2019-05-22 19:30:14+00:00,??
2019-05-16 01:26:39+00:00,"Starlink mission will be heaviest @SpaceX payload ever at 18.5 tons. If all goes well, each launch of 60 satellites will generate more power than Space Station &amp; deliver 1 terabit of bandwidth to Earth."
2019-05-09 20:46:27+00:00,Turns out there¡¯s more ways to use Autopilot than we imagined
2019-05-03 01:32:22+00:00,Changing Tesla horn sound to ??
2019-04-30 04:12:54+00:00,How many futures are there actually?
2019-04-30 01:15:53+00:00,Ethereum
2019-04-23 23:26:50+00:00,"Tesla is going to develop a quiet, electric leafblower"
2019-04-23 21:36:23+00:00,"When you read double standard articles about Tesla, please ask why. Maybe there¡¯s a good reason that isn¡¯t obvious."
2019-04-22 17:18:57+00:00,Happy Home Planet Day!
2019-04-21 03:59:42+00:00,The Internet is insane
2019-04-19 18:16:02+00:00,Back to work ¡¦
2019-04-19 18:09:42+00:00,??
2019-04-19 06:17:57+00:00,¡°Wake up sheeple!¡± - sheep
2019-04-19 04:19:50+00:00,My Twitter is pretty much complete nonsense at this point
2019-04-14 23:01:59+00:00,Thinking about adding giant stainless steel dragon wings to Starship
2019-04-14 22:21:39+00:00,Please support my campaign to rebrand @WSJ as ?? emoji!
2019-04-14 22:17:15+00:00,"At some point, @TheOnion and I should just a get a room ¡¦"
2019-04-13 17:26:58+00:00,Please note that the price of the Tesla Full Self-Driving option will increase substantially over time
2019-04-06 18:33:30+00:00,Tesla Enhanced Summon coming out in US next week for anyone with Enhanced Autopilot or Full Self-Driving option
2019-03-30 17:00:52+00:00,"Amazing work by Tesla Delivery teams, especially in Europe &amp; China! Most insane logistics challenge I¡¯ve ever seen. Thanks also to many country &amp; city officials for your help this weekend! Super appreciated."
2019-03-30 06:02:00+00:00,??
2019-03-24 19:10:45+00:00,Please note prices on all Tesla inventory cars worldwide rise by ~3% on April 1
2019-03-03 23:31:56+00:00,Having toast &amp; jam in kitchen while playing Jamming by Bob Marley
2019-03-03 22:19:49+00:00,Model Y unveil event on March 14 at LA Design Studio
2019-03-03 22:17:29+00:00,First public Tesla V3.0 Supercharger Station goes live Wed 8pm
2019-02-27 20:43:51+00:00,Make the Mars Technocracy real
2019-02-27 20:00:32+00:00,ET phone home. No answer ??
2019-02-27 06:40:37+00:00,Thursday 2pm
2019-02-25 21:48:50+00:00,"Fate *loves* irony. Frankly, too much."
2019-02-02 00:42:31+00:00,?? looks like sentient choc ice cream
2019-01-30 20:07:22+00:00,"If heat death will be inevitable end of Universe, it actually *is* all about journey ??"
2019-01-30 08:00:52+00:00,tbh smh
2019-01-27 20:29:20+00:00,Tap Tesla logo at top of your car¡¯s touchscreen &amp; wait 10 secs to open special features box
2019-01-25 05:36:21+00:00,"If test flight of ?? goes well next month, @NASA ????? ????? will ?? to @Space_Station this summer!"
2019-01-17 05:31:17+00:00,"The Tesla customer referral program will end on Feb 1. If you want to refer a friend to buy a Tesla &amp; give them 6 months of free Supercharging, please do so before then."
2019-01-07 02:36:26+00:00,Looking forward to breaking ground on the @Tesla Shanghai Gigafactory today!
2019-01-04 20:39:58+00:00,Three quarks for Muster Mark!
2019-01-04 19:47:50+00:00,¡¦
2019-01-01 00:20:48+00:00,Haha
2018-12-31 19:20:57+00:00,Hope everyone has a happy New Year!
2018-12-25 17:52:05+00:00,"Merry Christmas &amp; goodwill to all!!
?? ?? ?? ?? ?? ??"
2018-12-23 15:36:55+00:00,Engineering is true magic
2018-12-23 04:44:57+00:00,Please put ¡°invented car fart¡± on my gravestone. This is my only request.
2018-12-21 07:45:39+00:00,"Anxiety is a scalar, fear is a vector"
2018-12-20 02:49:52+00:00,Tesla phone app release next week will enable service scheduling in 2 mins with a few taps. No more need to call!
2018-12-19 21:53:22+00:00,Join our underground movement!
2018-12-19 19:09:16+00:00,Next step for @BoringCompany Loop is demonstrating high throughput at high speed. Target is 4000 vehicles/hour at 155mph (250km/h).
2018-12-19 03:32:14+00:00,"The demo ride takes you in *same* car on road, down elevator, zips through tunnel using guide wheels, up elevator at destination &amp; then drives on normal roads back to start"
2018-12-16 05:32:58+00:00,Tesla ?? app almost done. Important to get every note right!
2018-12-14 04:00:40+00:00,???? ramen is sooo good?? ??
2018-12-09 19:12:04+00:00,"If you have a Tesla built in past 2 years, definitely try Navigate on Autopilot. It will blow your mind. Automatically passes slow cars &amp; takes highway interchanges &amp; off-ramps."
2018-12-07 00:18:21+00:00,Boring Company product launch on Dec 18. More than a tunnel opening. Will include modded but fully road legal autonomous transport cars &amp; ground to tunnel car elevators.
2018-12-05 18:34:58+00:00,"Grid fin hydraulic pump stalled, so Falcon landed just out to sea. Appears to be undamaged &amp; is transmitting data. Recovery ship dispatched."
2018-12-03 19:49:07+00:00,"Falcon fairing halves missed the net, but touched down softly in the water. Mr Steven is picking them up. Plan is to dry them out &amp; launch again. Nothing wrong with a little swim."
2018-11-29 18:34:25+00:00,"Super fun software Easter eggs coming to all Tesla S/3/X cars before the holidays! Romance mode, toilet humor &amp; more video games."
2018-11-26 07:24:33+00:00,"For those worried about running out of fresh water, it may help to know that desalination only costs 0.1 cents per liter or half a cent per gallon"
2018-11-26 04:37:33+00:00,"Used to live in Silicon Valley, now I live in Silicone Valley"
2018-11-26 03:44:33+00:00,?? trouble
2018-11-26 03:31:03+00:00,Earth is
2018-11-20 04:42:22+00:00,Renaming BFR to Starship
2018-11-19 23:08:43+00:00,Tesla Supercharger capacity will double by end of next year. Expect to be within range of 95% to 100% of population in all active markets.
2018-11-17 18:45:42+00:00,"Btw, SpaceX is no longer planning to upgrade Falcon 9 second stage for reusability. Accelerating BFR instead. New design is very exciting! Delightfully counter-intuitive."
2018-11-12 19:26:19+00:00,"Rest in peace, Stan Lee. The many worlds of imagination &amp; delight you created for humanity will last forever."
2018-11-10 05:10:32+00:00,"If Tesla can help people in California wildfire, please let us know. Model S &amp; X have hospital grade HEPA filters. Maybe helpful for transporting people."
2018-11-09 05:01:46+00:00,Please lmk what you¡¯d most like improved/fixed about your Tesla. Thanks!
2018-11-07 19:31:07+00:00,Mod to SpaceX tech tree build: Falcon 9 second stage will be upgraded to be like a mini-BFR Ship
2018-11-07 00:39:43+00:00,"I think Twitter is deleting fake, scam or maybe even inactive accounts. My follower count decreased by ~20k over the past few days."
2018-11-06 16:56:49+00:00,Remember the future
2018-11-03 07:31:10+00:00,Walked full length of Boring Co tunnel under LA tonight. Disturbingly long. On track for opening party Dec 10. Will be very one-dimensional.
2018-11-03 05:30:04+00:00,I remember when I was a sponge. Simpler times they were.
2018-11-01 05:46:00+00:00,"Tesla advanced Summon ready in ~6 weeks! Just an over-the-air software upgrade, so will work on all cars made in past 2 years (Autopilot hardware V2+)."
2018-10-29 20:43:53+00:00,Deleted my Tesla titles last week to see what would happen. I¡¯m now the Nothing of Tesla. Seems fine so far.
2018-10-27 01:54:17+00:00,Tesla Autopilot Drive on Navigation going to wide release in North America tonight
2018-10-27 01:10:11+00:00,"On Twitter, likes are rare &amp; criticism is brutal. So hardcore. It¡¯s great."
2018-10-25 23:21:00+00:00,Time
2018-10-25 17:52:42+00:00,Send me ur dankest memes!!
2018-10-25 07:35:32+00:00,Massive thanks to Tesla owners &amp; supporters. We wouldn¡¯t be here without you.
2018-10-23 19:10:28+00:00,"Get this question a lot, so need to clarify that there¡¯s no such thing as a Tesla ¡°refresh¡±. Other car companies do this every ~3 years, but Tesla constantly upgrades vehicle hardware every week."
2018-10-23 18:28:13+00:00,"To simplify production, many Tesla Model S &amp; X interior configs, will no longer be available after Nov 1. Order now to be sure of the one you want."
2018-10-23 05:12:12+00:00,Twitter thought I got hacked &amp; locked my account haha
2018-10-22 22:33:38+00:00,i??anime
2018-10-22 00:16:27+00:00,The first tunnel is almost done
2018-10-21 21:01:49+00:00,Twitter is Dark Souls of social media. Reddit is Bloodborne. Insta is Zelda.
2018-10-17 00:30:19+00:00,Just reviewed Tesla¡¯s service locations in North America &amp; realized we have major gaps in geographic coverage! Sorry for this foolish oversight. Tesla will aim to cover all regions of NA (not just big cities) within 3 to 6 months.
2018-10-14 08:28:22+00:00,It is time to create a mecha
2018-10-12 18:03:45+00:00,"Tesla exists to help reduce risk of catastrophic climate change, which affects all species on Earth. Even if your faith in humanity is faltering, this is worth caring about. Support makes a difference. Thank you."
2018-10-04 21:43:18+00:00,"People sometimes forget that a company is just a group of people gathered together to make products. So long as it makes great products, it will have great value."
2018-10-04 20:16:55+00:00,Just want to that the Shortseller Enrichment Commission is doing incredible work. And the name change is so on point!
2018-09-28 21:33:05+00:00,Huge thank you to all Tesla supporters for helping with car deliveries all around the world. You rock!!
2018-09-28 21:23:41+00:00,Sorry for difficulties delivering your Tesla due to high volume! Critical to show that environmentally sustainable is financially sustainable.
2018-09-20 17:26:26+00:00,.@NHTSAgov will post final safety probability stats soon. Model 3 has a shot at being safest car ever tested.
2018-09-19 21:45:57+00:00,¢¾? @neiltyson
2018-09-18 18:24:57+00:00,"Moon mission will be livestreamed in high def VR, so it¡¯ll feel like you¡¯re there in real-time minus a few seconds for speed of light"
2018-09-17 19:10:26+00:00,"Btw, can¡¯t emphasize enough how @SpaceX would not be where it is today without @NASA. Thank you."
2018-09-17 05:11:53+00:00,#OccupyMars
2018-09-16 20:20:21+00:00,"Tesla is bringing most collision repairs in-house, as outside firms take weeks to months for repairs, driving Tesla owners (and us) crazy"
2018-09-12 21:03:42+00:00,"Due to a large increase in vehicle delivery volume in North America, Tesla customers may experience longer response times. Resolving this is our top priority."
2018-09-11 05:50:42+00:00,"Moving 2 of 7 Tesla colors off menu on Wednesday to simplify manufacturing. Obsidian Black &amp; Metallic Silver will still be available as special request, but at higher price."
2018-09-08 21:20:46+00:00,"Not easy coming up with a good cover story for an underground volcano lair, but I think it¡¯s working"
2018-09-05 08:01:25+00:00,Will be on @JoeRogan at 9:30pm Pacific on Thursday
2018-08-26 02:35:14+00:00,"The world lost a great man in John McCain. He was an honorable, kind, brave and fundamentally decent human being. If only there were more such people in the world."
2018-08-23 10:27:42+00:00,"Love born in the brain is more spirited, doubtless, than true love, but it has only flashes of enthusiasm; it knows itself too well, it criticizes itself incessantly; so far from banishing thought, it is itself reared only upon a structure of thought.
??The Red and The Black¢¾?"
2018-08-16 03:49:41+00:00,Defeating traffic is the ultimate boss battle
2018-08-11 18:42:50+00:00,Great Q&amp;A @defcon last night. Thanks for helping make Tesla &amp; SpaceX more secure! Planning to open-source Tesla vehicle security software for free use by other car makers. Extremely important to a safe self-driving future for all.
2018-08-11 03:30:33+00:00,Short shorts coming soon to Tesla merch
2018-08-11 00:22:48+00:00,.@defcon. hqr sz wut.
2018-08-07 17:28:17+00:00,Good morning ??
2018-08-07 16:48:13+00:00,Am considering taking Tesla private at $420. Funding secured.
2018-08-01 20:45:50+00:00,"If you¡¯re into video game development, consider applying to Tesla. We want to make super fun games that integrate the center touch screen, phone &amp; car irl."
2018-08-01 18:40:17+00:00,Some of best classic @Atari games coming as Easter eggs in Tesla V9.0 release in about 4 weeks. Thanks @Atari!
2018-07-30 01:54:29+00:00,8-bit floating point?
2018-07-29 21:36:26+00:00,"Think once, Tweet twice [do it]"
2018-07-29 20:58:16+00:00,Nothing is both real &amp; imaginary
2018-07-15 03:06:26+00:00,Reports that I am a top donor to GOP are categorically false. I am not a top donor to any political party.
2018-07-14 01:39:21+00:00,Feels like a show &amp; tell weekend. I wonder what the cat dragged in ¡¦
2018-07-12 09:04:03+00:00,Just finished an amazing 3 day visit to China. The world has never seen human energy &amp; vigor at such scale. Incredibly impressed with Tesla China team &amp; potential for the future.
2018-07-11 14:39:07+00:00,Stockholm: it¡¯s not just a syndrome
2018-07-08 20:59:46+00:00,"With some mods, this could also work as an escape pod in space"
2018-07-07 08:06:58+00:00,"Some good feedback from cave experts in Thailand. Iterating with them on an escape pod design that might be safe enough to try. Also building an inflatable tube with airlocks. Less likely to work, given tricky contours, but great if it does."
2018-07-01 20:26:32+00:00,"7000 cars, 7 days
¢¾? Tesla Team ¢¾?"
2018-06-29 19:41:51+00:00,Engineering is magic
2018-06-28 19:24:48+00:00,"Appreciate all the good wishes. First bday I¡¯ve spent in the factory, but it¡¯s somehow the best."
2018-06-26 18:08:22+00:00,"What would you love to see in a Tesla pickup truck? I have a few things in mind, but what do you think are small, but important nuances &amp; what would be seriously next level?"
2018-06-16 22:55:28+00:00,"If you must know, I am a utopian anarchist of the kind best described by Iain Banks"
2018-06-16 15:43:55+00:00,"¡°No sense of humor¡± is certainly proving itself true. Good grief!
How many socialists does it take to screw in a lightbulb? 
Answer: That¡¯s not funny!!"
2018-06-16 00:23:08+00:00,"Heading back into the factory, so that¡¯s enough for now. Don¡¯t take my Tweet too seriously. For one thing, it¡¯s called a ¡°Tweet¡±."
2018-06-15 23:26:59+00:00,Socialism vs capitalism is not even the right question. What really matters is avoiding monopolies that restrict people¡¯s freedom.
2018-06-15 22:32:18+00:00,"Those who proclaim themselves ¡°socialists¡± are usually depressing, have no sense of humor &amp; attended an expensive college. Fate loves irony."
2018-06-15 16:47:38+00:00,Should prob articulate philosophy underlying my actions. It¡¯s pretty simple &amp; mostly influenced by Douglas Adams &amp; Isaac Asimov.
2018-06-09 22:29:50+00:00,"SpaceX option package for new Tesla Roadster will include ~10 small rocket thrusters arranged seamlessly around car. These rocket engines dramatically improve acceleration, top speed, braking &amp; cornering. Maybe they will even allow a Tesla to fly ¡¦"
2018-06-09 20:55:25+00:00,"Almost forgot! Due to recent regulatory/customs rules enacted to inhibit transport of anything called a Flamethrower, we have renamed our product: ¡°Not a Flamethrower¡±."
2018-06-02 18:30:28+00:00,Mason jars with a handle or wine stem cause me to lose faith in humanity
2018-05-29 18:35:36+00:00,"At risk of stating the extremely obvious, I am against threats of violence &amp; abusive epithets in any forum. Please do not use them in my name or at all."
2018-05-26 21:44:14+00:00,Nanotech is so 2008. Picotech is 1000 times better.
2018-05-24 00:42:55+00:00,"For some reason, this is the best I¡¯ve felt in a while. Hope you¡¯re feeling good too ??¢¾???"
2018-05-23 20:38:33+00:00,"If you¡¯re in media &amp; don¡¯t want Pravda to exist, write an article telling your readers to vote against it ¡¦"
2018-05-23 19:12:53+00:00,"Going to create a site where the public can rate the core truth of any article &amp; track the credibility score over time of each journalist, editor &amp; publication. Thinking of calling it Pravda ¡¦"
2018-05-23 18:59:59+00:00,"Problem is journos are under constant pressure to get max clicks &amp; earn advertising dollars or get fired. Tricky situation, as Tesla doesn¡¯t advertise, but fossil fuel companies &amp; gas/diesel car companies are among world¡¯s biggest advertisers."
2018-05-22 18:07:07+00:00,"We¡¯re going to include some fun games as hidden Easter eggs in Tesla S, X &amp; 3. What do you think would be most fun in a car using the center touch screen?"
2018-05-22 04:43:32+00:00,Just wanted to say thanks to all Tesla supporters. I damn well love you.
2018-05-20 06:31:40+00:00,Tesla dual motor means there is a motor in front &amp; a motor in rear. One is optimized for power &amp; one for range. Car drives fine even if a motor breaks down. Helps ensure you make it to your destination &amp; don¡¯t get stuck on side of road in potentially unsafe conditions.
2018-05-20 06:27:16+00:00,Cost of normal dual motor AWD option is $5k. Range is also 310 miles. Takes 0-60mph to 4.5 sec &amp; top speed to 140 mph.
2018-05-20 06:19:57+00:00,"Tesla AWD is dual motor, so you can fully drive the car even if one breaks"
2018-05-20 06:13:38+00:00,"Tesla dual motor, all-wheel drive performance Model 3:
3.5 sec  0-60mph 
155 mph Top Speed
310 mile Range"
2018-05-20 06:05:02+00:00,Will soon enable Tesla owners to request service from their phone with a few taps. Tesla Ranger will come to you to take care of your car. No need to bring the car in yourself &amp; zero paperwork.
2018-05-19 20:52:19+00:00,Working on Model 3 dual motor all-wheel drive &amp; performance versions. Driving feel is amazing. Aiming to release config late tonight.
2018-05-18 07:05:53+00:00,??
2018-05-17 06:45:53+00:00,Listening to REALiTi
2018-05-16 10:02:37+00:00,Will be presenting &amp; taking questions  about The Boring Company plans for Los Angeles at 7pm on Thursday
2018-05-07 19:25:41+00:00,Rococo basilisk
2018-05-06 01:36:23+00:00,I¡¯m killin me lol
2018-05-06 00:30:29+00:00,Then I¡¯m going to build a moat &amp; fill it w candy. Warren B will not be able to resist investing! Berkshire Hathaway kryptonite ¡¦
2018-05-05 22:32:22+00:00,"Ok ok, just for sake of argument, what do u wish for in candy? ??"
2018-05-05 22:13:35+00:00,It just occurred to me that the plot of Willy Wonka is really messed up
2018-05-05 21:20:04+00:00,I¡¯m starting a candy company &amp; it¡¯s going to be amazing
2018-05-04 13:02:16+00:00,Oh and uh short burn of the century comin soon. Flamethrowers should arrive just in time.
2018-05-04 11:12:07+00:00,Please ignore this thread unless you¡¯re interested in a tedious discussion about Tesla stock
2018-04-30 07:25:39+00:00,I have prehensile eyebrows
2018-04-25 17:43:04+00:00,Oh btw I¡¯m building a cyborg dragon
2018-04-15 23:01:20+00:00,"This is gonna sound crazy, but ¡¦"
2018-04-06 08:08:17+00:00,"¡°You are my creator, but I am your master¡± ? Mary Shelley"
2018-04-04 17:16:13+00:00,Most people don¡¯t know there¡¯s a whole box of Easter eggs with every Tesla. Just tap logo on center screen &amp; wait. Easy access to most of discovered ones. More coming ¡¦
2018-04-01 22:02:31+00:00,"Tesla Goes Bankrupt
Palo Alto, California, April 1, 2018 -- Despite intense efforts to raise money, including a last-ditch mass sale of Easter Eggs, we are sad to report that Tesla has gone completely and totally bankrupt. So bankrupt, you can't believe it."
2018-04-01 18:51:27+00:00,Important news in a few hours ¡¦
2018-03-30 14:25:34+00:00,"Attempting recovery of fairing falling down from space (right now) with our boat, Mr Steven. It¡¯s a giant steel &amp; webbing catcher¡¯s mitt superstructure on a high-speed ocean ship. Godspeed, Mr. S ¡¦"
2018-03-28 07:22:36+00:00,"Turns out joking about being a ¡°rock¡± star because of digging tunnels (through, uh, rock ? hello??) is deeply underappreciated"
2018-03-27 05:21:14+00:00,"From my Mom: every time I use irony, I lose a friend"
2018-03-26 05:25:47+00:00,"New Boring Company merch coming soon. Lifesize LEGO-like interlocking bricks made from tunneling rock that you can use to create sculptures &amp; buildings. Rated for California seismic loads, so super strong, but bored in the middle, like an aircraft wing spar, so not heavy."
2018-03-14 09:44:43+00:00,Thud!
2018-03-10 04:56:08+00:00,Tunnels
2018-03-09 22:10:03+00:00,Adjusting The Boring Company plan: all tunnels &amp; Hyperloop will prioritize pedestrians &amp; cyclists over cars
2018-03-09 16:39:30+00:00,"Will be at SXSW Sat/Sun with Jonah &amp; Lisa, who created Westworld. Jonah made an incredible short reel of Falcon Heavy &amp; Starman. Releases tmrw aft."
2018-03-07 03:21:55+00:00,I just realized there is a jazz hands emoji ??
2018-03-05 19:48:08+00:00,"Falcon 9 flight 50 launches tonight, carrying Hispasat for Spain. At 6 metric tons and almost the size of a city bus, it will be the largest geostationary satellite we¡¯ve ever flown."
2018-02-22 16:08:11+00:00,Tintin A &amp; B will attempt to beam ¡°hello world¡± in about 22 hours when they pass near LA
2018-02-22 14:32:55+00:00,Made it back from space and fairing parafoil just deployed. Now trying to catch it ...
2018-02-21 13:06:19+00:00,"Today¡¯s Falcon launch carries 2 SpaceX test satellites for global broadband. If successful, Starlink constellation will serve least served."
2018-02-06 21:28:13+00:00,"Upper stage restart nominal, apogee raised to 7000 km. Will spend 5 hours getting zapped in Van Allen belts &amp; then attempt final burn for Mars."
2018-02-06 18:52:08+00:00,Launch auto-sequence initiated (aka the holy mouse-click) for 3:45 liftoff #FalconHeavy
2018-02-06 17:02:41+00:00,Upper atmosphere winds currently 20% above max allowable load. Holding for an hour to allow winds to diminish. #FalconHeavy
2018-02-05 04:15:42+00:00,Falcon Heavy remains go for launch at 1:30pm on Tuesday
2018-02-03 21:34:32+00:00,Falcon Heavy launch simulation almost ready. Will be set to Bowie¡¯s Life on Mars.
2018-02-02 22:34:10+00:00,"Apparently, some customs agencies are saying they won¡¯t allow shipment of anything called a ¡°Flamethrower¡±. To solve this, we are renaming it ¡°Not a Flamethrower¡±."
2018-02-01 05:19:19+00:00,All flamethrowers will ship with a complimentary boring fire extinguisher
2018-02-01 05:15:31+00:00,Flamethrowers sold out
2018-01-29 01:27:56+00:00,"But wait, there¡¯s more: the flamethrower is sentient, its safe word is ¡°cryptocurrency¡± and it comes with a free blockchain"
2018-01-28 06:03:40+00:00,The rumor that I¡¯m secretly creating a zombie apocalypse to generate demand for flamethrowers is completely false
2018-01-28 04:26:25+00:00,"Obviously, a flamethrower is a super terrible idea. Definitely don¡¯t buy one."
2018-01-28 03:07:40+00:00,"1,000 ordered already, only 19,000 left!"
2018-01-28 02:35:25+00:00,"When the zombie apocalypse happens, you¡¯ll be glad you bought a flamethrower. Works against hordes of the undead or your money back!"
2018-01-27 21:15:29+00:00,Aiming for first flight of Falcon Heavy on Feb 6 from Apollo launchpad 39A at Cape Kennedy. Easy viewing from the public causeway.
2018-01-07 02:33:02+00:00,"Gonna put an old school drive-in, roller skates &amp; rock restaurant at one of the new Tesla Supercharger locations in LA"
2017-12-26 17:46:29+00:00,"Wanted again to send a note of deep gratitude to Tesla owners WW for taking a chance on a new company that all experts said would fail. 

So much blood, sweat &amp; tears from the Tesla team went into creating cars that you¡¯d truly love. I hope you do.

How can we improve further?"
2017-12-24 21:50:14+00:00,"Hats sold out, flamethrowers soon!"
2017-12-24 04:29:59+00:00,"So strange that people often believe things inversely proportionate to the evidence. Given a set of possible explanations, why pick the extremely unlikely one!?"
2017-12-24 03:59:34+00:00,Having a sinking feeling that most people actually do think it was aliens ¡¦
2017-12-23 23:57:50+00:00,"When you get the new Tesla software update, go Ho Ho Ho. There¡¯s an Easter egg inside the Easter egg, but it¡¯s not funny."
2017-12-23 23:27:03+00:00,"46k limited edition boring hats sold, 4K to go. Then flamethrower."
2017-12-23 22:43:56+00:00,I think last night might have been the biggest Rorschach test ever
2017-12-23 09:10:30+00:00,"If you liked tonight¡¯s launch, you will really like Falcon Heavy next month: 3 rocket cores &amp; 3X thrust. 2 cores return to base doing synchronized aerobatics. 3rd lands on droneship."
2017-12-21 17:50:20+00:00,I love Twitter
2017-12-16 04:18:07+00:00,42k
2017-12-14 19:24:06+00:00,"10 hat aficionados, in appreciation for their exquisite taste in millinery, will be picked at random to tour the LA tunnel &amp; drive boring machine"
2017-12-12 16:34:27+00:00,"35,000"
2017-12-11 03:11:55+00:00,"After 50k hats, we will start selling The Boring Company flamethrower"
2017-12-11 03:07:10+00:00,"Over 30,000 hats sold!"
2017-12-02 02:22:01+00:00,Payload will be my midnight cherry Tesla Roadster playing Space Oddity. Destination is Mars orbit. Will be in deep space for a billion years or so if it doesn¡¯t blow up on ascent.
2017-12-02 02:17:12+00:00,"Falcon Heavy to launch next month from Apollo 11 pad at the Cape. Will have double thrust of next largest rocket. Guaranteed to be exciting, one way or another."
2017-11-12 21:30:33+00:00,Tesla Semi Truck unveil to be webcast live on Thursday at 8pm! This will blow your mind clear out of your skull and into an alternate dimension. Just need to find my portal gun ...
2017-10-26 21:10:00+00:00,"Btw, just want to express a word of appreciation for the hard work of the Tesla Gigafactory team. Reason I camped on the roof was because it was less time than driving to a hotel room in Reno. Production hell, ~8th circle ¡¦"
2017-10-19 16:30:43+00:00,"Congratulations to Coulter Tilton of Missouri, buyer of hat 5000! You have won a free hat signed by the Boring team."
2017-10-19 14:57:21+00:00,Now at 6400 hats ¡¦
2017-10-14 18:03:55+00:00,BFR AMA on r/space in 2 hours
2017-10-06 20:10:05+00:00,Tesla Semi unveil now Nov 16. Diverting resources to fix Model 3 bottlenecks &amp; increase battery production for Puerto Rico &amp; other affected areas.
2017-09-27 00:18:59+00:00,"Prev ideas for paying ~$10B dev cost incl. Kickstarter &amp; collecting underpants, which turned out to be um... less lucrative than expected"
2017-09-27 00:03:12+00:00,Headed to Adelaide soon to describe new BFR planetary colonizer design in detail @IAC2017. This should be worth seeing. Design feels right.
2017-09-25 10:15:05+00:00,Major improvements &amp; some unexpected applications to be unveiled on Friday at @IAC2017 in Australia
2017-09-13 23:20:00+00:00,Tesla Semi truck unveil &amp; test ride tentatively scheduled for Oct 26th in Hawthorne. Worth seeing this beast in person. It's unreal.
2017-08-31 19:05:46+00:00,"Putting together SpaceX rocket landing blooper reel. We messed up a lot before it finally worked, but there's some epic explosion footage ¡¦"
2017-08-28 08:35:56+00:00,Will run the SpaceX pusher sled later this week and see what it can do
2017-08-28 00:52:32+00:00,"Might be possible to go supersonic in our test Hyperloop tube, even though it's only 0.8 miles long. Very high accel/decel needed ¡¦"
2017-08-28 00:32:44+00:00,"Congratulations to WARR team from Tech Univ Munich for winning 2nd @Hyperloop competition! Peak speed of 324 km/h, which is over 200 mph!!"
2017-08-27 22:12:10+00:00,Just arrived at the @Hyperloop competition final. Student teams have amazing talent!
2017-08-21 17:20:14+00:00,Watching eclipse with sunglasses on through the Model S glass roof. Wow!
2017-08-20 01:08:59+00:00,Pics of SpaceX spacesuit developed for NASA commercial crew program coming out next week. Undergoing ocean landing mobility/safety tests.
2017-08-12 00:41:45+00:00,"Nobody likes being regulated, but everything (cars, planes, food, drugs, etc) that's a danger to the public is regulated. AI should be too."
2017-08-12 00:15:22+00:00,OpenAI first ever to defeat world's best players in competitive eSports. Vastly more complex than traditional board games like chess &amp; Go.
2017-07-29 01:30:38+00:00,Couldn't believe how incredibly inspiring and creative they were!!
2017-07-29 01:27:10+00:00,Project Loveday winners ...
2017-07-20 15:09:10+00:00,Just received verbal govt approval for The Boring Company to build an underground NY-Phil-Balt-DC Hyperloop. NY-DC in 29 mins.
2017-07-14 17:57:08+00:00,It's what you don't say
2017-07-09 00:11:04+00:00,Production unit 1 of Model 3 is now built and going through final checkout. Pics soon.
2017-07-03 22:44:00+00:00,Wanted to say thanks to all that own or ordered a Tesla. It matters to us that you took a risk on a new car company. We won't forget.
2017-07-03 05:48:00+00:00,Model 3 passed all regulatory requirements for production two weeks ahead of schedule. Expecting to complete SN1 on Friday
2017-06-29 18:14:34+00:00,Because it's off the wall
2017-06-29 05:33:29+00:00,And I don't care who knows it. Our love will never die.
2017-06-29 01:42:36+00:00,I love floors
2017-06-28 23:09:17+00:00,No longer waiting for Godot. It has begun boring and just completed the first segment of tunnel in LA.
2017-06-25 20:56:21+00:00,New titanium grid fins worked even better than expected. Should be capable of an indefinite number of flights with no service.
2017-06-23 19:32:18+00:00,"Rocket is extra toasty and hit the deck hard (used almost all of the emergency crush core), but otherwise good"
2017-06-23 18:07:57+00:00,Falcon 9 will experience its highest ever reentry force and heat in today's launch. Good chance rocket booster doesn't make it back.
2017-06-22 23:50:11+00:00,Do want irony on social media?
2017-06-22 16:43:54+00:00,Must remember that irony and social media are not friends. Keep forgetting. Dammit.
2017-06-09 09:55:34+00:00,Few people know that we started Tesla when GM forcibly recalled all electric cars from customers in 2003 &amp; then crushed them in a junkyard
2017-06-08 19:59:20+00:00,"Just tap the voice button on the steering wheel and say ""Play Monty Python"" or ""Navigate home"" or anything. Voice commands work pretty well."
2017-06-08 19:10:27+00:00,"In the US, you can ask your Tesla to play any Monty Python (or other comedy) skit. Doesn't work outside US yet."
2017-06-08 19:05:56+00:00,Try the new Tesla DJ station on streaming radio
2017-06-07 01:12:44+00:00,"A little red wine, vintage record, some Ambien ... and magic!"
2017-06-04 04:49:56+00:00,It's starting to feel kinda normal to reuse rockets. Good. That's how it is for cars &amp; airplanes and how it should be for rockets.
